[
  {
    "name": "box.png",
    "frame": {
      "x": "0",
      "y": "864",
      "width": "70",
      "height": "70"
    }
  },
  {
    "name": "boxAlt.png",
    "frame": {
      "x": "0",
      "y": "792",
      "width": "70",
      "height": "70"
    }
  },
  {
    "name": "boxCoin.png",
    "frame": {
      "x": "0",
      "y": "720",
      "width": "70",
      "height": "70"
    }
  },
  {
    "name": "boxCoinAlt.png",
    "frame": {
      "x": "0",
      "y": "576",
      "width": "70",
      "height": "70"
    }
  },
  {
    "name": "boxCoinAltdisabled.png",
    "frame": {
      "x": "0",
      "y": "504",
      "width": "70",
      "height": "70"
    }
  },
  {
    "name": "boxCoindisabled.png",
    "frame": {
      "x": "0",
      "y": "648",
      "width": "70",
      "height": "70"
    }
  },
  {
    "name": "boxEmpty.png",
    "frame": {
      "x": "0",
      "y": "432",
      "width": "70",
      "height": "70"
    }
  },
  {
    "name": "boxExplosive.png",
    "frame": {
      "x": "0",
      "y": "360",
      "width": "70",
      "height": "70"
    }
  },
  {
    "name": "boxExplosiveAlt.png",
    "frame": {
      "x": "0",
      "y": "216",
      "width": "70",
      "height": "70"
    }
  },
  {
    "name": "boxExplosivedisabled.png",
    "frame": {
      "x": "0",
      "y": "288",
      "width": "70",
      "height": "70"
    }
  },
  {
    "name": "boxItem.png",
    "frame": {
      "x": "0",
      "y": "144",
      "width": "70",
      "height": "70"
    }
  },
  {
    "name": "boxItemAlt.png",
    "frame": {
      "x": "0",
      "y": "0",
      "width": "70",
      "height": "70"
    }
  },
  {
    "name": "boxItemAltdisabled.png",
    "frame": {
      "x": "432",
      "y": "432",
      "width": "70",
      "height": "70"
    }
  },
  {
    "name": "boxItemdisabled.png",
    "frame": {
      "x": "0",
      "y": "72",
      "width": "70",
      "height": "70"
    }
  },
  {
    "name": "boxWarning.png",
    "frame": {
      "x": "72",
      "y": "648",
      "width": "70",
      "height": "70"
    }
  },
  {
    "name": "brickWall.png",
    "frame": {
      "x": "216",
      "y": "0",
      "width": "70",
      "height": "70"
    }
  },
  {
    "name": "bridge.png",
    "frame": {
      "x": "216",
      "y": "72",
      "width": "70",
      "height": "70"
    }
  },
  {
    "name": "bridgeLogs.png",
    "frame": {
      "x": "288",
      "y": "720",
      "width": "70",
      "height": "70"
    }
  },
  {
    "name": "castle.png",
    "frame": {
      "x": "288",
      "y": "792",
      "width": "70",
      "height": "70"
    }
  },
  {
    "name": "castleCenter.png",
    "frame": {
      "x": "504",
      "y": "288",
      "width": "70",
      "height": "70"
    }
  },
  {
    "name": "castleCenterrounded.png",
    "frame": {
      "x": "504",
      "y": "720",
      "width": "70",
      "height": "70"
    }
  },
  {
    "name": "castleCliffLeft.png",
    "frame": {
      "x": "504",
      "y": "792",
      "width": "70",
      "height": "70"
    }
  },
  {
    "name": "castleCliffLeftAlt.png",
    "frame": {
      "x": "648",
      "y": "720",
      "width": "70",
      "height": "70"
    }
  },
  {
    "name": "castleCliffRight.png",
    "frame": {
      "x": "648",
      "y": "792",
      "width": "70",
      "height": "70"
    }
  },
  {
    "name": "castleCliffRightAlt.png",
    "frame": {
      "x": "792",
      "y": "288",
      "width": "70",
      "height": "70"
    }
  },
  {
    "name": "castleHalf.png",
    "frame": {
      "x": "792",
      "y": "360",
      "width": "70",
      "height": "70"
    }
  },
  {
    "name": "castleHalfLeft.png",
    "frame": {
      "x": "432",
      "y": "720",
      "width": "70",
      "height": "70"
    }
  },
  {
    "name": "castleHalfMid.png",
    "frame": {
      "x": "648",
      "y": "648",
      "width": "70",
      "height": "70"
    }
  },
  {
    "name": "castleHalfRight.png",
    "frame": {
      "x": "792",
      "y": "648",
      "width": "70",
      "height": "70"
    }
  },
  {
    "name": "castleHillLeft.png",
    "frame": {
      "x": "648",
      "y": "576",
      "width": "70",
      "height": "70"
    }
  },
  {
    "name": "castleHillLeft2.png",
    "frame": {
      "x": "792",
      "y": "576",
      "width": "70",
      "height": "70"
    }
  },
  {
    "name": "castleHillRight.png",
    "frame": {
      "x": "792",
      "y": "504",
      "width": "70",
      "height": "70"
    }
  },
  {
    "name": "castleHillRight2.png",
    "frame": {
      "x": "792",
      "y": "432",
      "width": "70",
      "height": "70"
    }
  },
  {
    "name": "castleLedgeLeft.png",
    "frame": {
      "x": "856",
      "y": "868",
      "width": "5",
      "height": "22"
    }
  },
  {
    "name": "castleLedgeRight.png",
    "frame": {
      "x": "842",
      "y": "868",
      "width": "5",
      "height": "22"
    }
  },
  {
    "name": "castleLeft.png",
    "frame": {
      "x": "792",
      "y": "216",
      "width": "70",
      "height": "70"
    }
  },
  {
    "name": "castleMid.png",
    "frame": {
      "x": "792",
      "y": "144",
      "width": "70",
      "height": "70"
    }
  },
  {
    "name": "castleRight.png",
    "frame": {
      "x": "792",
      "y": "72",
      "width": "70",
      "height": "70"
    }
  },
  {
    "name": "dirt.png",
    "frame": {
      "x": "792",
      "y": "0",
      "width": "70",
      "height": "70"
    }
  },
  {
    "name": "dirtCenter.png",
    "frame": {
      "x": "720",
      "y": "864",
      "width": "70",
      "height": "70"
    }
  },
  {
    "name": "dirtCenterrounded.png",
    "frame": {
      "x": "720",
      "y": "792",
      "width": "70",
      "height": "70"
    }
  },
  {
    "name": "dirtCliffLeft.png",
    "frame": {
      "x": "720",
      "y": "720",
      "width": "70",
      "height": "70"
    }
  },
  {
    "name": "dirtCliffLeftAlt.png",
    "frame": {
      "x": "720",
      "y": "648",
      "width": "70",
      "height": "70"
    }
  },
  {
    "name": "dirtCliffRight.png",
    "frame": {
      "x": "720",
      "y": "576",
      "width": "70",
      "height": "70"
    }
  },
  {
    "name": "dirtCliffRightAlt.png",
    "frame": {
      "x": "720",
      "y": "504",
      "width": "70",
      "height": "70"
    }
  },
  {
    "name": "dirtHalf.png",
    "frame": {
      "x": "720",
      "y": "432",
      "width": "70",
      "height": "70"
    }
  },
  {
    "name": "dirtHalfLeft.png",
    "frame": {
      "x": "720",
      "y": "360",
      "width": "70",
      "height": "70"
    }
  },
  {
    "name": "dirtHalfMid.png",
    "frame": {
      "x": "720",
      "y": "288",
      "width": "70",
      "height": "70"
    }
  },
  {
    "name": "dirtHalfRight.png",
    "frame": {
      "x": "720",
      "y": "216",
      "width": "70",
      "height": "70"
    }
  },
  {
    "name": "dirtHillLeft.png",
    "frame": {
      "x": "720",
      "y": "144",
      "width": "70",
      "height": "70"
    }
  },
  {
    "name": "dirtHillLeft2.png",
    "frame": {
      "x": "720",
      "y": "72",
      "width": "70",
      "height": "70"
    }
  },
  {
    "name": "dirtHillRight.png",
    "frame": {
      "x": "720",
      "y": "0",
      "width": "70",
      "height": "70"
    }
  },
  {
    "name": "dirtHillRight2.png",
    "frame": {
      "x": "648",
      "y": "864",
      "width": "70",
      "height": "70"
    }
  },
  {
    "name": "dirtLedgeLeft.png",
    "frame": {
      "x": "842",
      "y": "892",
      "width": "5",
      "height": "18"
    }
  },
  {
    "name": "dirtLedgeRight.png",
    "frame": {
      "x": "842",
      "y": "912",
      "width": "5",
      "height": "18"
    }
  },
  {
    "name": "dirtLeft.png",
    "frame": {
      "x": "504",
      "y": "432",
      "width": "70",
      "height": "70"
    }
  },
  {
    "name": "dirtMid.png",
    "frame": {
      "x": "504",
      "y": "360",
      "width": "70",
      "height": "70"
    }
  },
  {
    "name": "dirtRight.png",
    "frame": {
      "x": "648",
      "y": "504",
      "width": "70",
      "height": "70"
    }
  },
  {
    "name": "doorclosedMid.png",
    "frame": {
      "x": "648",
      "y": "432",
      "width": "70",
      "height": "70"
    }
  },
  {
    "name": "doorclosedTop.png",
    "frame": {
      "x": "648",
      "y": "360",
      "width": "70",
      "height": "70"
    }
  },
  {
    "name": "dooropenMid.png",
    "frame": {
      "x": "648",
      "y": "288",
      "width": "70",
      "height": "70"
    }
  },
  {
    "name": "dooropenTop.png",
    "frame": {
      "x": "648",
      "y": "216",
      "width": "70",
      "height": "70"
    }
  },
  {
    "name": "fence.png",
    "frame": {
      "x": "648",
      "y": "144",
      "width": "70",
      "height": "70"
    }
  },
  {
    "name": "fenceBroken.png",
    "frame": {
      "x": "648",
      "y": "72",
      "width": "70",
      "height": "70"
    }
  },
  {
    "name": "grass.png",
    "frame": {
      "x": "648",
      "y": "0",
      "width": "70",
      "height": "70"
    }
  },
  {
    "name": "grassCenter.png",
    "frame": {
      "x": "576",
      "y": "864",
      "width": "70",
      "height": "70"
    }
  },
  {
    "name": "grassCenterrounded.png",
    "frame": {
      "x": "576",
      "y": "792",
      "width": "70",
      "height": "70"
    }
  },
  {
    "name": "grassCliffLeft.png",
    "frame": {
      "x": "576",
      "y": "720",
      "width": "70",
      "height": "70"
    }
  },
  {
    "name": "grassCliffLeftAlt.png",
    "frame": {
      "x": "576",
      "y": "648",
      "width": "70",
      "height": "70"
    }
  },
  {
    "name": "grassCliffRight.png",
    "frame": {
      "x": "576",
      "y": "576",
      "width": "70",
      "height": "70"
    }
  },
  {
    "name": "grassCliffRightAlt.png",
    "frame": {
      "x": "576",
      "y": "504",
      "width": "70",
      "height": "70"
    }
  },
  {
    "name": "grassHalf.png",
    "frame": {
      "x": "576",
      "y": "432",
      "width": "70",
      "height": "70"
    }
  },
  {
    "name": "grassHalfLeft.png",
    "frame": {
      "x": "576",
      "y": "360",
      "width": "70",
      "height": "70"
    }
  },
  {
    "name": "grassHalfMid.png",
    "frame": {
      "x": "576",
      "y": "288",
      "width": "70",
      "height": "70"
    }
  },
  {
    "name": "grassHalfRight.png",
    "frame": {
      "x": "576",
      "y": "216",
      "width": "70",
      "height": "70"
    }
  },
  {
    "name": "grassHillLeft.png",
    "frame": {
      "x": "576",
      "y": "144",
      "width": "70",
      "height": "70"
    }
  },
  {
    "name": "grassHillLeft2.png",
    "frame": {
      "x": "576",
      "y": "72",
      "width": "70",
      "height": "70"
    }
  },
  {
    "name": "grassHillRight.png",
    "frame": {
      "x": "576",
      "y": "0",
      "width": "70",
      "height": "70"
    }
  },
  {
    "name": "grassHillRight2.png",
    "frame": {
      "x": "504",
      "y": "864",
      "width": "70",
      "height": "70"
    }
  },
  {
    "name": "grassLedgeLeft.png",
    "frame": {
      "x": "849",
      "y": "868",
      "width": "5",
      "height": "24"
    }
  },
  {
    "name": "grassLedgeRight.png",
    "frame": {
      "x": "849",
      "y": "894",
      "width": "5",
      "height": "24"
    }
  },
  {
    "name": "grassLeft.png",
    "frame": {
      "x": "504",
      "y": "648",
      "width": "70",
      "height": "70"
    }
  },
  {
    "name": "grassMid.png",
    "frame": {
      "x": "504",
      "y": "576",
      "width": "70",
      "height": "70"
    }
  },
  {
    "name": "grassRight.png",
    "frame": {
      "x": "504",
      "y": "504",
      "width": "70",
      "height": "70"
    }
  },
  {
    "name": "hilllarge.png",
    "frame": {
      "x": "842",
      "y": "720",
      "width": "48",
      "height": "146"
    }
  },
  {
    "name": "hilllargeAlt.png",
    "frame": {
      "x": "864",
      "y": "0",
      "width": "48",
      "height": "146"
    }
  },
  {
    "name": "hillsmall.png",
    "frame": {
      "x": "792",
      "y": "828",
      "width": "48",
      "height": "106"
    }
  },
  {
    "name": "hillsmallAlt.png",
    "frame": {
      "x": "792",
      "y": "720",
      "width": "48",
      "height": "106"
    }
  },
  {
    "name": "laddermid.png",
    "frame": {
      "x": "504",
      "y": "144",
      "width": "70",
      "height": "70"
    }
  },
  {
    "name": "laddertop.png",
    "frame": {
      "x": "504",
      "y": "72",
      "width": "70",
      "height": "70"
    }
  },
  {
    "name": "liquidLava.png",
    "frame": {
      "x": "504",
      "y": "0",
      "width": "70",
      "height": "70"
    }
  },
  {
    "name": "liquidLavaTop.png",
    "frame": {
      "x": "432",
      "y": "864",
      "width": "70",
      "height": "70"
    }
  },
  {
    "name": "liquidLavaTopmid.png",
    "frame": {
      "x": "432",
      "y": "792",
      "width": "70",
      "height": "70"
    }
  },
  {
    "name": "liquidWater.png",
    "frame": {
      "x": "504",
      "y": "216",
      "width": "70",
      "height": "70"
    }
  },
  {
    "name": "liquidWaterTop.png",
    "frame": {
      "x": "432",
      "y": "648",
      "width": "70",
      "height": "70"
    }
  },
  {
    "name": "liquidWaterTopmid.png",
    "frame": {
      "x": "432",
      "y": "576",
      "width": "70",
      "height": "70"
    }
  },
  {
    "name": "lockblue.png",
    "frame": {
      "x": "432",
      "y": "504",
      "width": "70",
      "height": "70"
    }
  },
  {
    "name": "lockgreen.png",
    "frame": {
      "x": "72",
      "y": "576",
      "width": "70",
      "height": "70"
    }
  },
  {
    "name": "lockred.png",
    "frame": {
      "x": "432",
      "y": "360",
      "width": "70",
      "height": "70"
    }
  },
  {
    "name": "lockyellow.png",
    "frame": {
      "x": "432",
      "y": "288",
      "width": "70",
      "height": "70"
    }
  },
  {
    "name": "rockHillLeft.png",
    "frame": {
      "x": "432",
      "y": "216",
      "width": "70",
      "height": "70"
    }
  },
  {
    "name": "rockHillRight.png",
    "frame": {
      "x": "432",
      "y": "144",
      "width": "70",
      "height": "70"
    }
  },
  {
    "name": "ropeAttached.png",
    "frame": {
      "x": "432",
      "y": "72",
      "width": "70",
      "height": "70"
    }
  },
  {
    "name": "ropeHorizontal.png",
    "frame": {
      "x": "432",
      "y": "0",
      "width": "70",
      "height": "70"
    }
  },
  {
    "name": "ropeVertical.png",
    "frame": {
      "x": "360",
      "y": "864",
      "width": "70",
      "height": "70"
    }
  },
  {
    "name": "sand.png",
    "frame": {
      "x": "360",
      "y": "792",
      "width": "70",
      "height": "70"
    }
  },
  {
    "name": "sandCenter.png",
    "frame": {
      "x": "576",
      "y": "864",
      "width": "70",
      "height": "70"
    }
  },
  {
    "name": "sandCenterrounded.png",
    "frame": {
      "x": "576",
      "y": "792",
      "width": "70",
      "height": "70"
    }
  },
  {
    "name": "sandCliffLeft.png",
    "frame": {
      "x": "360",
      "y": "720",
      "width": "70",
      "height": "70"
    }
  },
  {
    "name": "sandCliffLeftAlt.png",
    "frame": {
      "x": "360",
      "y": "648",
      "width": "70",
      "height": "70"
    }
  },
  {
    "name": "sandCliffRight.png",
    "frame": {
      "x": "360",
      "y": "576",
      "width": "70",
      "height": "70"
    }
  },
  {
    "name": "sandCliffRightAlt.png",
    "frame": {
      "x": "360",
      "y": "504",
      "width": "70",
      "height": "70"
    }
  },
  {
    "name": "sandHalf.png",
    "frame": {
      "x": "360",
      "y": "432",
      "width": "70",
      "height": "70"
    }
  },
  {
    "name": "sandHalfLeft.png",
    "frame": {
      "x": "360",
      "y": "360",
      "width": "70",
      "height": "70"
    }
  },
  {
    "name": "sandHalfMid.png",
    "frame": {
      "x": "360",
      "y": "288",
      "width": "70",
      "height": "70"
    }
  },
  {
    "name": "sandHalfRight.png",
    "frame": {
      "x": "360",
      "y": "216",
      "width": "70",
      "height": "70"
    }
  },
  {
    "name": "sandHillLeft.png",
    "frame": {
      "x": "360",
      "y": "144",
      "width": "70",
      "height": "70"
    }
  },
  {
    "name": "sandHillLeft2.png",
    "frame": {
      "x": "360",
      "y": "72",
      "width": "70",
      "height": "70"
    }
  },
  {
    "name": "sandHillRight.png",
    "frame": {
      "x": "360",
      "y": "0",
      "width": "70",
      "height": "70"
    }
  },
  {
    "name": "sandHillRight2.png",
    "frame": {
      "x": "288",
      "y": "864",
      "width": "70",
      "height": "70"
    }
  },
  {
    "name": "sandLedgeLeft.png",
    "frame": {
      "x": "856",
      "y": "892",
      "width": "5",
      "height": "18"
    }
  },
  {
    "name": "sandLedgeRight.png",
    "frame": {
      "x": "856",
      "y": "912",
      "width": "5",
      "height": "18"
    }
  },
  {
    "name": "sandLeft.png",
    "frame": {
      "x": "288",
      "y": "648",
      "width": "70",
      "height": "70"
    }
  },
  {
    "name": "sandMid.png",
    "frame": {
      "x": "288",
      "y": "576",
      "width": "70",
      "height": "70"
    }
  },
  {
    "name": "sandRight.png",
    "frame": {
      "x": "288",
      "y": "504",
      "width": "70",
      "height": "70"
    }
  },
  {
    "name": "sign.png",
    "frame": {
      "x": "288",
      "y": "432",
      "width": "70",
      "height": "70"
    }
  },
  {
    "name": "signExit.png",
    "frame": {
      "x": "288",
      "y": "360",
      "width": "70",
      "height": "70"
    }
  },
  {
    "name": "signLeft.png",
    "frame": {
      "x": "288",
      "y": "288",
      "width": "70",
      "height": "70"
    }
  },
  {
    "name": "signRight.png",
    "frame": {
      "x": "288",
      "y": "216",
      "width": "70",
      "height": "70"
    }
  },
  {
    "name": "snow.png",
    "frame": {
      "x": "288",
      "y": "144",
      "width": "70",
      "height": "70"
    }
  },
  {
    "name": "snowCenter.png",
    "frame": {
      "x": "720",
      "y": "864",
      "width": "70",
      "height": "70"
    }
  },
  {
    "name": "snowCenterrounded.png",
    "frame": {
      "x": "288",
      "y": "72",
      "width": "70",
      "height": "70"
    }
  },
  {
    "name": "snowCliffLeft.png",
    "frame": {
      "x": "288",
      "y": "0",
      "width": "70",
      "height": "70"
    }
  },
  {
    "name": "snowCliffLeftAlt.png",
    "frame": {
      "x": "216",
      "y": "864",
      "width": "70",
      "height": "70"
    }
  },
  {
    "name": "snowCliffRight.png",
    "frame": {
      "x": "216",
      "y": "792",
      "width": "70",
      "height": "70"
    }
  },
  {
    "name": "snowCliffRightAlt.png",
    "frame": {
      "x": "216",
      "y": "720",
      "width": "70",
      "height": "70"
    }
  },
  {
    "name": "snowHalf.png",
    "frame": {
      "x": "216",
      "y": "648",
      "width": "70",
      "height": "70"
    }
  },
  {
    "name": "snowHalfLeft.png",
    "frame": {
      "x": "216",
      "y": "576",
      "width": "70",
      "height": "70"
    }
  },
  {
    "name": "snowHalfMid.png",
    "frame": {
      "x": "216",
      "y": "504",
      "width": "70",
      "height": "70"
    }
  },
  {
    "name": "snowHalfRight.png",
    "frame": {
      "x": "216",
      "y": "432",
      "width": "70",
      "height": "70"
    }
  },
  {
    "name": "snowHillLeft.png",
    "frame": {
      "x": "216",
      "y": "360",
      "width": "70",
      "height": "70"
    }
  },
  {
    "name": "snowHillLeft2.png",
    "frame": {
      "x": "216",
      "y": "288",
      "width": "70",
      "height": "70"
    }
  },
  {
    "name": "snowHillRight.png",
    "frame": {
      "x": "216",
      "y": "216",
      "width": "70",
      "height": "70"
    }
  },
  {
    "name": "snowHillRight2.png",
    "frame": {
      "x": "216",
      "y": "144",
      "width": "70",
      "height": "70"
    }
  },
  {
    "name": "snowLedgeLeft.png",
    "frame": {
      "x": "863",
      "y": "868",
      "width": "5",
      "height": "18"
    }
  },
  {
    "name": "snowLedgeRight.png",
    "frame": {
      "x": "863",
      "y": "888",
      "width": "5",
      "height": "18"
    }
  },
  {
    "name": "snowLeft.png",
    "frame": {
      "x": "144",
      "y": "864",
      "width": "70",
      "height": "70"
    }
  },
  {
    "name": "snowMid.png",
    "frame": {
      "x": "144",
      "y": "792",
      "width": "70",
      "height": "70"
    }
  },
  {
    "name": "snowRight.png",
    "frame": {
      "x": "144",
      "y": "720",
      "width": "70",
      "height": "70"
    }
  },
  {
    "name": "stone.png",
    "frame": {
      "x": "144",
      "y": "648",
      "width": "70",
      "height": "70"
    }
  },
  {
    "name": "stoneCenter.png",
    "frame": {
      "x": "144",
      "y": "576",
      "width": "70",
      "height": "70"
    }
  },
  {
    "name": "stoneCenterrounded.png",
    "frame": {
      "x": "144",
      "y": "504",
      "width": "70",
      "height": "70"
    }
  },
  {
    "name": "stoneCliffLeft.png",
    "frame": {
      "x": "144",
      "y": "432",
      "width": "70",
      "height": "70"
    }
  },
  {
    "name": "stoneCliffLeftAlt.png",
    "frame": {
      "x": "144",
      "y": "360",
      "width": "70",
      "height": "70"
    }
  },
  {
    "name": "stoneCliffRight.png",
    "frame": {
      "x": "144",
      "y": "288",
      "width": "70",
      "height": "70"
    }
  },
  {
    "name": "stoneCliffRightAlt.png",
    "frame": {
      "x": "144",
      "y": "216",
      "width": "70",
      "height": "70"
    }
  },
  {
    "name": "stoneHalf.png",
    "frame": {
      "x": "144",
      "y": "144",
      "width": "70",
      "height": "70"
    }
  },
  {
    "name": "stoneHalfLeft.png",
    "frame": {
      "x": "144",
      "y": "72",
      "width": "70",
      "height": "70"
    }
  },
  {
    "name": "stoneHalfMid.png",
    "frame": {
      "x": "144",
      "y": "0",
      "width": "70",
      "height": "70"
    }
  },
  {
    "name": "stoneHalfRight.png",
    "frame": {
      "x": "72",
      "y": "864",
      "width": "70",
      "height": "70"
    }
  },
  {
    "name": "stoneHillLeft2.png",
    "frame": {
      "x": "72",
      "y": "792",
      "width": "70",
      "height": "70"
    }
  },
  {
    "name": "stoneHillRight2.png",
    "frame": {
      "x": "72",
      "y": "720",
      "width": "70",
      "height": "70"
    }
  },
  {
    "name": "stoneLedgeLeft.png",
    "frame": {
      "x": "863",
      "y": "908",
      "width": "5",
      "height": "24"
    }
  },
  {
    "name": "stoneLedgeRight.png",
    "frame": {
      "x": "864",
      "y": "148",
      "width": "5",
      "height": "24"
    }
  },
  {
    "name": "stoneLeft.png",
    "frame": {
      "x": "72",
      "y": "504",
      "width": "70",
      "height": "70"
    }
  },
  {
    "name": "stoneMid.png",
    "frame": {
      "x": "72",
      "y": "432",
      "width": "70",
      "height": "70"
    }
  },
  {
    "name": "stoneRight.png",
    "frame": {
      "x": "72",
      "y": "360",
      "width": "70",
      "height": "70"
    }
  },
  {
    "name": "stoneWall.png",
    "frame": {
      "x": "72",
      "y": "288",
      "width": "70",
      "height": "70"
    }
  },
  {
    "name": "tochLit.png",
    "frame": {
      "x": "72",
      "y": "216",
      "width": "70",
      "height": "70"
    }
  },
  {
    "name": "tochLit2.png",
    "frame": {
      "x": "72",
      "y": "144",
      "width": "70",
      "height": "70"
    }
  },
  {
    "name": "torch.png",
    "frame": {
      "x": "72",
      "y": "72",
      "width": "70",
      "height": "70"
    }
  },
  {
    "name": "window.png",
    "frame": {
      "x": "72",
      "y": "0",
      "width": "70",
      "height": "70"
    }
  }
]
